hidden_layers_n,h1_size,h2_size,h3_size,h4_size,alpha,learning_rate_init,beta_1,beta_2,tol,source,msc,dsp,model_update_time,acquisition_time,query_time
2.0,17.0,17.0,17.0,17.0,-3.4999999533289,-4.0,-1.50218240332379,-1.50218240332379,-3.4999999533289,1.0,0.1492,0.1674,0.0,0.0,0.0
4.0,12.0,32.0,23.0,19.0,-4.26692839568158,-3.2678707872174,-0.556008985083248,-0.726499203202071,-2.08903594760836,1.0,0.15270000000000006,0.18479999999999996,0.0,0.0,0.0
2.0,7.0,22.0,23.0,26.0,-1.925030164109,-4.78741364071615,-2.14830234419914,-1.23707958156042,-3.28999149096328,1.0,0.1612,0.12770000000000004,0.0,0.0,0.0
3.0,28.0,18.0,19.0,13.0,-4.2474454940255,-2.63224176655502,-2.19324272956335,-2.08114984057184,-2.82912260187864,1.0,0.15949999999999998,0.2157,0.0,0.0,0.0
1.0,18.0,4.0,26.0,16.0,-2.04881008351868,-2.69287344303118,-1.10296669887873,-2.82581733780375,-2.27866265312152,1.0,0.15400000000000003,0.1815,0.0,0.0,0.0
3.0,17.0,2.0,32.0,23.0,-4.2367337845187,-4.34097092212278,-0.166443122646712,-0.432272742583077,-2.14129309488524,1.0,0.19479999999999997,0.13170000000000004,0.0,0.0,0.0
4.0,28.0,6.0,20.0,29.0,-3.49302577487076,-3.6632088044054,-0.0774928733594806,-1.98371058598337,-3.60198700564182,1.0,0.15900000000000003,0.20219999999999994,0.0,0.0,0.0
3.0,10.0,32.0,2.0,7.0,-4.60028012394686,-3.52976385864521,-2.8891781438664,-1.04974158259033,-3.10199768739545,1.0,0.16159999999999997,0.1683,0.0,0.0,0.0
2.0,13.0,29.0,10.0,27.0,-2.71440420606749,-2.33350600284974,-2.75864647740511,-2.01823702031791,-4.11233893159315,1.0,0.15149999999999997,0.16979999999999995,0.0,0.0,0.0
4.0,23.0,16.0,19.0,11.0,-1.04695963815459,-5.67590802962836,-1.44299579503114,-1.7053962752499,-3.16571098968136,1.0,0.24239999999999995,0.019399999999999973,0.0,0.0,0.0
3.0,15.0,18.0,28.0,11.0,-5.94553343773669,-5.57876181847643,-2.27368963132979,-1.17200647059964,-3.17217894702059,1.0,0.23170000000000002,0.04269999999999996,0.0,0.0,0.0
1.0,17.0,16.0,3.0,16.0,-2.85958643609082,-2.54010743967993,-1.41020841881621,-0.798410811945086,-2.26814364170282,2.0,0.15410000000000001,0.19599999999999995,0.0,0.0,0.0
2.0,2.0,15.0,4.0,18.0,-2.4982687526815,-3.95061697769037,-0.638365684879105,-2.69189455141289,-4.09508368301116,2.0,0.1532,0.16010000000000002,0.0,0.0,0.0
3.0,7.0,25.0,27.0,32.0,-3.93586751871212,-2.98244238488232,-1.63923330481139,-1.34037023835915,-2.37510361552824,2.0,0.15060000000000007,0.1755,0.0,0.0,0.0
2.0,18.0,20.0,26.0,23.0,-1.00540165101284,-2.24526845122631,-1.42142242532003,-2.64781397128041,-4.78905688047524,2.0,0.16259999999999997,0.20189999999999997,0.0,0.0,0.0
2.0,23.0,29.0,24.0,4.0,-3.5092877929689,-3.83885712862828,-1.80793234662635,-0.258893941292537,-3.2891749553632,2.0,0.14959999999999996,0.15390000000000004,0.0,0.0,0.0
2.0,7.0,7.0,27.0,2.0,-3.80949427206997,-2.66985010776565,-0.0204972701077945,-2.86953701746484,-3.14375103385636,2.0,0.2419,0.1995,0.0,0.0,0.0
2.0,2.0,7.0,23.0,20.0,-2.95084621294906,-2.8143149771899,-0.547047814245566,-2.10916683194276,-4.63743148130013,2.0,0.1633,0.1785,0.0,0.0,0.0
2.0,14.0,20.0,24.0,16.0,-4.36515988974495,-2.51676158411698,-0.769900274669091,-0.259369005892821,-2.85927508782203,2.0,0.14790000000000003,0.18510000000000004,0.0,0.0,0.0
1.0,12.0,20.0,18.0,7.0,-4.1598415310328,-4.52067264990028,-1.55831017721119,-1.8667538988104,-4.19204042565561,2.0,0.1502,0.15680000000000005,0.0,0.0,0.0
1.0,8.0,21.0,6.0,3.0,-1.19629681522887,-2.55403198570789,-1.29826964633062,-0.552229691963372,-3.62628292544102,2.0,0.15410000000000001,0.1854,0.0,0.0,0.0
3.0,3.0,10.0,30.0,6.0,-4.08947326193431,-3.86112374383045,-2.47294724415349,-2.19469413717729,-2.44742290004445,2.0,0.1764,0.13539999999999996,0.0,0.0,0.0
-4.073097229003906,-2.982401132583618,-2.7176132202148438,13.599102973937988,30.569164276123047,5.9296064376831055,20.73334312438965,-5.90970516204834,2.8794283866882324,-3.282242774963379,1.0,0.749187707901001,0.030055999755859375,1.8886637687683105,7.8149189949035645,14.194735765457153
-5.828117370605469,-0.9458186626434326,-0.18199467658996582,27.29445457458496,7.882001876831055,8.985332489013672,23.82819938659668,-1.3154621124267578,1.04961097240448,-3.762648582458496,2.0,0.15980350971221924,0.13957911729812622,0.6067590713500977,0.5410478115081787,41.92838525772095
-3.4319071769714355,-2.1238224506378174,-2.878812789916992,29.499128341674805,20.814546585083008,16.53789520263672,26.167367935180664,-2.8955838680267334,2.6218528747558594,-2.9749598503112793,1.0,0.15138232707977295,0.1682208776473999,0.22820568084716797,1.1456596851348877,59.52523732185364
-5.131006717681885,-1.6671931743621826,-0.07174038887023926,8.559442520141602,22.832881927490234,15.439891815185547,28.906400680541992,-2.896745204925537,3.5024912357330322,-4.558636665344238,2.0,0.15204519033432007,0.1917484998703003,0.27685070037841797,1.2087717056274414,108.75842237472534
-3.417283058166504,-0.6461246013641357,-0.7553491592407227,7.685267925262451,30.949600219726562,3.5497279167175293,18.727218627929688,-1.5583124160766602,1.6268266439437866,-2.803640365600586,2.0,0.1551622748374939,0.1910037398338318,0.2434549331665039,0.7689700126647949,9.79839015007019
-2.3815932273864746,-1.7348339557647705,-1.0432307720184326,5.329548358917236,26.257320404052734,5.1062331199646,7.351398944854736,-1.7196378707885742,2.1642279624938965,-2.4208059310913086,2.0,0.16444575786590576,0.1731778383255005,0.9492669105529785,0.9705440998077393,7.490212440490723
-1.684600830078125,-1.2931201457977295,-1.022773265838623,22.295690536499023,18.955835342407227,2.149245262145996,15.23361587524414,-2.6494176387786865,2.535557270050049,-3.989262104034424,2.0,0.15284109115600586,0.15226078033447266,1.079758644104004,1.2124216556549072,21.260850429534912
-5.111876010894775,-2.759215831756592,-0.975231409072876,25.66858673095703,28.460023880004883,22.752910614013672,11.34670639038086,-2.804924488067627,3.674257278442383,-3.558396100997925,1.0,0.15310639142990112,0.16894757747650146,1.6946425437927246,2.5520246028900146,92.06608533859253
-1.4302315711975098,-2.9504358768463135,-1.4927371740341187,20.50101661682129,31.09583854675293,18.53828239440918,3.5696797370910645,-3.976308822631836,3.6457266807556152,-4.633284568786621,2.0,0.15012246370315552,0.1917979121208191,0.34943461418151855,0.9105861186981201,80.60494089126587
-4.30660343170166,-0.7705032825469971,-1.4232745170593262,29.935382843017578,9.095593452453613,29.562406539916992,7.898238658905029,-3.3105249404907227,3.9322657585144043,-3.132809638977051,2.0,0.15323913097381592,0.1714620590209961,0.443631649017334,1.164499044418335,66.6703953742981
-5.411560535430908,-1.896381139755249,-0.35795164108276367,30.8125057220459,4.442934036254883,17.408004760742188,9.418070793151855,-4.103905200958252,3.5364975929260254,-4.067046165466309,2.0,0.14926034212112427,0.18569934368133545,0.26119184494018555,0.9946208000183105,269.3624086380005
-2.4420340061187744,-2.373544931411743,-0.010186910629272461,17.633745193481445,26.907825469970703,21.774404525756836,24.479665756225586,-3.9244258403778076,1.7081420421600342,-2.292102813720703,1.0,0.1510176658630371,0.18313807249069214,0.2580904960632324,1.3139281272888184,18.031872987747192
-2.9617762565612793,-2.6500251293182373,-1.1806864738464355,3.9436757564544678,8.221625328063965,27.248268127441406,5.969088077545166,-5.481839179992676,1.9595186710357666,-2.1394782066345215,2.0,0.2489224672317505,0.0,0.5787508487701416,0.6228640079498291,55.40297031402588
-5.855063438415527,-2.366992473602295,-1.6456831693649292,26.446449279785156,6.549835205078125,18.726669311523438,10.817970275878906,-3.08508038520813,2.8371896743774414,-2.2404398918151855,2.0,0.15410131216049194,0.1862947940826416,0.39872193336486816,0.6590442657470703,22.86835813522339
-4.334617614746094,-2.109659433364868,-0.19302678108215332,3.876283884048462,26.47648048400879,8.939684867858887,29.347043991088867,-3.794009208679199,1.0966050624847412,-2.2169291973114014,2.0,0.16683238744735718,0.19130980968475342,0.35807371139526367,1.2054595947265625,8.973375082015991
-3.6739964485168457,-0.47248101234436035,-2.245162010192871,7.269133567810059,26.626962661743164,17.812206268310547,6.484572887420654,-4.418145179748535,1.2037173509597778,-2.8544692993164062,1.0,0.15562599897384644,0.18752652406692505,0.3929588794708252,0.8780193328857422,21.00115466117859
-4.054569244384766,-2.543935775756836,-0.4352304935455322,13.017984390258789,11.673834800720215,13.100327491760254,27.48179817199707,-2.3384127616882324,2.18123722076416,-2.0774195194244385,2.0,0.15343749523162842,0.16743028163909912,0.4801011085510254,1.4853696823120117,6.3705689907073975
-2.96262788772583,-2.344829797744751,-2.944131851196289,8.213876724243164,24.67536735534668,14.431439399719238,8.4424409866333,-3.1994056701660156,2.5324978828430176,-4.438482761383057,1.0,0.15058684349060059,0.18815159797668457,0.48128223419189453,1.5295510292053223,48.53524160385132
-2.7790961265563965,-1.9316426515579224,-1.1263588666915894,14.535143852233887,5.033470153808594,24.130779266357422,29.488689422607422,-2.85774827003479,1.7339526414871216,-3.8952736854553223,1.0,0.14949250221252441,0.18734580278396606,1.977362871170044,0.7821736335754395,26.502594232559204
-3.225487232208252,-1.494431972503662,-2.819690227508545,26.541685104370117,29.657716751098633,18.54189682006836,27.800220489501953,-2.8012616634368896,3.2820589542388916,-4.26179313659668,1.0,0.15436625480651855,0.1649836301803589,0.5760512351989746,0.6737282276153564,77.27822685241699
-3.665292978286743,-1.1358652114868164,-2.3640453815460205,20.69740867614746,13.24807071685791,15.084281921386719,9.784231185913086,-5.189175605773926,2.3020434379577637,-4.9908528327941895,2.0,0.1849347949028015,0.08492016792297363,0.2505512237548828,0.6257843971252441,64.21405696868896
-4.353152275085449,-0.4659459590911865,-0.8964335918426514,30.955678939819336,11.826162338256836,2.1698381900787354,28.96337127685547,-1.5950336456298828,1.8271384239196777,-3.2993404865264893,2.0,0.15502887964248657,0.17374688386917114,0.3201775550842285,0.6053688526153564,29.564345121383667
-1.797408103942871,-0.8080499172210693,-2.1423535346984863,26.023775100708008,27.69929313659668,24.10751724243164,11.389089584350586,-4.899860382080078,2.6738171577453613,-2.3595194816589355,2.0,0.21198874711990356,0.040430426597595215,0.26195645332336426,0.6289575099945068,46.26626539230347
-1.2400012016296387,-1.090477705001831,-0.7449276447296143,18.614933013916016,28.580669403076172,17.508766174316406,23.098325729370117,-4.580191612243652,1.559829592704773,-2.6355295181274414,2.0,0.18692433834075928,0.11262780427932739,0.3242778778076172,0.6295342445373535,25.93267846107483
-1.2403159141540527,-0.2544713020324707,-0.8908665180206299,14.123495101928711,26.333616256713867,6.7576141357421875,8.4459228515625,-5.2888617515563965,2.702085494995117,-2.137983560562134,1.0,0.282839298248291,0.03809666633605957,0.2803459167480469,0.8281364440917969,40.838804960250854
-2.2335758209228516,-2.838381290435791,-1.2455060482025146,8.698612213134766,23.908878326416016,17.162399291992188,21.492258071899414,-1.6757283210754395,1.8118624687194824,-4.4331231117248535,2.0,0.1694851517677307,0.1585826873779297,0.22777891159057617,1.3040878772735596,9.467350959777832
-2.361637592315674,-2.133878707885742,-0.773571252822876,6.6782708168029785,26.457544326782227,6.462649822235107,11.364215850830078,-3.782555103302002,3.2102773189544678,-4.643987655639648,2.0,0.14892888069152832,0.1764114499092102,0.2849748134613037,0.6640224456787109,65.17272424697876
-5.5706562995910645,-0.8142211437225342,-2.8311548233032227,12.672147750854492,5.6575798988342285,12.484077453613281,11.507858276367188,-2.271904706954956,1.8367340564727783,-2.0549163818359375,2.0,0.15781432390213013,0.2120773196220398,0.6436376571655273,0.9988634586334229,5.809194326400757
-5.797439098358154,-0.2684462070465088,-0.8983480930328369,16.091014862060547,25.547767639160156,27.50606346130371,8.903571128845215,-3.6949243545532227,3.296483039855957,-4.086971282958984,2.0,0.15158146619796753,0.18788105249404907,0.2483816146850586,0.58736252784729,74.40568137168884
-3.582388162612915,-1.1687462329864502,-1.765926718711853,10.929658889770508,22.843006134033203,16.06908416748047,17.67975425720215,-1.7429003715515137,1.8607510328292847,-3.897841453552246,2.0,0.1580796241760254,0.22738295793533325,0.6839101314544678,1.0124022960662842,11.936513185501099
-3.0966434478759766,-0.7297606468200684,-2.5603299140930176,21.69786262512207,13.627975463867188,24.905452728271484,18.881275177001953,-3.9695537090301514,2.8452391624450684,-3.067683458328247,2.0,0.14899510145187378,0.17507553100585938,0.42487668991088867,1.3107948303222656,25.126360416412354
-3.266602039337158,-1.9652864933013916,-0.33065295219421387,8.176994323730469,28.727252960205078,10.21649169921875,8.739940643310547,-4.164117336273193,3.9277796745300293,-3.825118064880371,2.0,0.1495254635810852,0.18362146615982056,0.531538724899292,3.8777382373809814,96.40941381454468
-2.513798475265503,-0.691601037979126,-1.164746642112732,15.537559509277344,8.154146194458008,8.403263092041016,7.57818603515625,-1.3731822967529297,3.925818920135498,-2.9946815967559814,1.0,0.1611289381980896,0.2063586711883545,0.3390023708343506,0.8467361927032471,19.225945472717285
-2.5516340732574463,-0.8551647663116455,-1.0395386219024658,31.839351654052734,13.114806175231934,3.0913851261138916,29.11005973815918,-2.3249852657318115,3.4217960834503174,-2.9583821296691895,1.0,0.150321364402771,0.18209725618362427,1.6997487545013428,2.789621114730835,53.65048432350159
-2.524688720703125,-0.2547776699066162,-0.00948953628540039,26.497425079345703,31.807109832763672,8.355456352233887,3.4206924438476562,-2.9997754096984863,2.531172275543213,-4.935549736022949,1.0,0.14674079418182373,0.1831342577934265,0.30983424186706543,0.7525134086608887,615.4344816207886
-3.535252332687378,-0.2457582950592041,-1.5134176015853882,9.616504669189453,2.151555061340332,10.403810501098633,9.571584701538086,-1.3658504486083984,3.3826804161071777,-3.2739713191986084,1.0,0.2991379499435425,0.0,0.27413487434387207,0.7352926731109619,17.49276852607727
-4.3533525466918945,-0.5321087837219238,-2.1881184577941895,8.108458518981934,29.81599998474121,6.752223491668701,19.412702560424805,-1.306872844696045,1.9200365543365479,-2.7645890712738037,2.0,0.2489224672317505,0.0,0.3444535732269287,0.8239853382110596,6.23156476020813
-3.31512188911438,-0.6816732883453369,-2.6702840328216553,17.066349029541016,6.775753021240234,3.8151869773864746,7.511620044708252,-3.0513134002685547,2.711137056350708,-3.981894016265869,2.0,0.14992350339889526,0.1835959553718567,0.3173408508300781,1.0983812808990479,54.30128312110901
-1.2687044143676758,-2.0689685344696045,-2.4548232555389404,29.51559066772461,3.5646910667419434,11.14950180053711,15.592716217041016,-5.515356063842773,3.8105084896087646,-4.756527423858643,2.0,0.2489224672317505,0.0,0.8550536632537842,1.7986619472503662,307.57315158843994
-3.954132080078125,-1.8498471975326538,-2.3535728454589844,9.405271530151367,30.3386287689209,22.82316017150879,22.43136978149414,-1.9855799674987793,2.896332025527954,-2.369943618774414,2.0,0.16683202981948853,0.151816725730896,2.1176071166992188,1.19346284866333,9.61924433708191
-5.518394947052002,-1.6020863056182861,-1.6250625848770142,8.99455451965332,31.18145179748535,20.710317611694336,24.19546890258789,-5.908234119415283,3.459289312362671,-2.753992795944214,2.0,0.2466679811477661,0.019398391246795654,0.3076052665710449,0.8910083770751953,91.81908583641052
-4.851714611053467,-2.694948434829712,-0.055159568786621094,28.999481201171875,10.370022773742676,30.223295211791992,14.686108589172363,-3.2669637203216553,3.7039668560028076,-2.7227227687835693,1.0,0.15081840753555298,0.17385631799697876,1.8574235439300537,6.030657768249512,92.85688972473145
-4.5786943435668945,-0.5748100280761719,-2.348712682723999,22.667102813720703,12.58051586151123,4.1655354499816895,9.74913215637207,-4.353493690490723,3.80820631980896,-3.9327690601348877,1.0,0.14611083269119263,0.18887859582901,0.2785763740539551,0.6213476657867432,176.4632887840271
-2.094921112060547,-0.48166751861572266,-2.1883742809295654,6.581772804260254,29.17445182800293,20.381772994995117,8.827629089355469,-4.049180507659912,2.6423821449279785,-2.708890914916992,1.0,0.15250951051712036,0.20437496900558472,0.31909728050231934,0.6826567649841309,27.030941247940063
-2.0927894115448,-2.639782428741455,-2.9570200443267822,16.99114990234375,28.29649543762207,29.825170516967773,12.693436622619629,-1.6333727836608887,3.5688047409057617,-2.8021938800811768,2.0,0.216896653175354,0.19247651100158691,0.3025937080383301,1.741520881652832,14.041118383407593
-4.151161193847656,-0.3100757598876953,-2.5258641242980957,15.05815315246582,26.465072631835938,31.649690628051758,7.890595436096191,-3.631218194961548,3.4444124698638916,-2.939436435699463,2.0,0.15549391508102417,0.1913820505142212,0.2789456844329834,0.5491044521331787,21.719635248184204
-3.291632890701294,-2.277377128601074,-0.9865126609802246,29.7247257232666,19.354290008544922,13.842442512512207,26.26032257080078,-4.187288761138916,3.500692367553711,-2.8150100708007812,2.0,0.15761548280715942,0.20966601371765137,0.30040502548217773,0.6087250709533691,59.550397634506226
-5.245195388793945,-2.4210240840911865,-2.554326295852661,18.10519027709961,23.98482894897461,10.58956527709961,20.784061431884766,-2.8659756183624268,3.7001705169677734,-4.208097457885742,2.0,0.1525757908821106,0.18653804063796997,0.28226280212402344,0.561758279800415,27.949836015701294
-1.5493760108947754,-0.02013540267944336,-2.0466995239257812,8.495416641235352,4.674374103546143,26.629474639892578,28.853473663330078,-3.1409287452697754,1.27732515335083,-3.816196918487549,2.0,0.16563886404037476,0.15237325429916382,0.2949333190917969,0.5935871601104736,42.466299533843994
-5.420665264129639,-2.8890793323516846,-0.1586284637451172,31.12925910949707,9.338266372680664,28.430416107177734,11.490619659423828,-5.00862979888916,2.3124279975891113,-4.700842380523682,1.0,0.15632236003875732,0.20152556896209717,0.4850349426269531,1.8923823833465576,34560.70052599907
-4.784644603729248,-2.6810786724090576,-1.039266586303711,19.57137107849121,26.84440040588379,11.196192741394043,17.879005432128906,-2.6936216354370117,3.3816323280334473,-2.3664112091064453,1.0,0.1516144871711731,0.2227305769920349,0.250777006149292,0.554990291595459,13.29361367225647
-2.5953378677368164,-0.5079755783081055,-2.8587911128997803,13.079249382019043,18.159494400024414,20.999401092529297,6.586014747619629,-1.6147403717041016,3.534343719482422,-2.0008907318115234,2.0,0.2489224672317505,0.0,0.25795674324035645,0.531982421875,6.056160926818848
-1.0262422561645508,-0.20909976959228516,-2.101099967956543,24.467334747314453,21.734664916992188,27.696063995361328,24.042892456054688,-4.531529426574707,3.1345043182373047,-2.387953042984009,2.0,0.15953832864761353,0.18100810050964355,0.2516040802001953,0.49759340286254883,18.903409957885742
-2.91825008392334,-2.0541129112243652,-1.5306310653686523,30.017457962036133,6.21450662612915,9.761877059936523,24.839269638061523,-3.8900392055511475,2.255463123321533,-2.4680299758911133,2.0,0.1564885973930359,0.17210310697555542,0.2631700038909912,0.5165877342224121,21.87198758125305
-5.11353874206543,-2.256645917892456,-0.23312950134277344,13.313936233520508,27.911823272705078,31.56092643737793,8.99691390991211,-2.112351655960083,3.4965980052948,-2.9450411796569824,2.0,0.15051966905593872,0.18257290124893188,0.282421350479126,0.5037047863006592,14.544618606567383
-5.9911370277404785,-0.277296781539917,-0.21789121627807617,11.271467208862305,22.25999641418457,14.9301176071167,22.794939041137695,-3.4742469787597656,2.355520009994507,-3.2499074935913086,2.0,0.15065264701843262,0.19528400897979736,0.26062893867492676,0.5555806159973145,17.053772687911987
-3.034785270690918,-2.540217399597168,-0.9975216388702393,14.313551902770996,7.536172389984131,21.96893882751465,27.37643051147461,-1.184865951538086,1.7461167573928833,-3.7814934253692627,2.0,0.16941654682159424,0.1363031268119812,0.24561095237731934,0.5398337841033936,8.016345500946045
-4.960363864898682,-1.843387246131897,-2.1397335529327393,5.438835144042969,20.205768585205078,8.89448356628418,3.6637301445007324,-4.247742652893066,3.81018328666687,-2.3074800968170166,1.0,0.16646772623062134,0.14679324626922607,0.33353328704833984,0.4590792655944824,29.7748806476593
-4.123767852783203,-2.0028038024902344,-0.9974584579467773,22.830730438232422,12.999677658081055,3.020892381668091,6.5737528800964355,-4.320652008056641,3.8824758529663086,-3.339106559753418,2.0,0.15496325492858887,0.18949496746063232,0.25650811195373535,0.49942851066589355,63.612931966781616
-3.904041051864624,-1.3661969900131226,-2.0704991817474365,7.038027286529541,23.844642639160156,7.0074872970581055,13.232627868652344,-3.7311179637908936,2.4321117401123047,-4.268452167510986,1.0,0.15055358409881592,0.18859219551086426,0.22509098052978516,0.4175994396209717,32.76374864578247
-4.313120365142822,-1.74502432346344,-1.2149156332015991,14.461440086364746,22.439481735229492,26.147668838500977,12.590961456298828,-2.8693552017211914,3.104733467102051,-3.2070887088775635,1.0,0.15423327684402466,0.1738213300704956,0.9934954643249512,0.40401363372802734,19.97699785232544
-1.3649344444274902,-1.8188039064407349,-2.471095561981201,25.789794921875,31.224159240722656,19.369136810302734,29.14595603942871,-5.537294864654541,3.541550636291504,-4.616121768951416,2.0,0.20535796880722046,0.05199319124221802,0.2672567367553711,0.5361967086791992,304.59068608283997
-3.712167739868164,-2.548969268798828,-0.04937338829040527,5.433284759521484,23.0603084564209,25.34000587463379,19.67400550842285,-5.957332134246826,2.885758399963379,-4.173990249633789,2.0,0.5581190586090088,0.16179710626602173,0.29840731620788574,0.65232253074646,82.40677046775818
-5.003551483154297,-1.6329127550125122,-1.7003201246261597,29.709548950195312,14.089200019836426,4.22190523147583,27.223827362060547,-2.917285442352295,3.4371588230133057,-4.651175022125244,2.0,0.15237706899642944,0.1935550570487976,0.39684081077575684,0.7872631549835205,72.20062160491943
-2.4806270599365234,-2.595973014831543,-2.023806571960449,28.94408416748047,10.637741088867188,28.8900146484375,13.264616012573242,-3.5919227600097656,1.7787317037582397,-2.731126308441162,1.0,0.15138214826583862,0.19380688667297363,0.2860829830169678,0.5773324966430664,40.85443592071533
-2.589684009552002,-1.3074084520339966,-0.3810460567474365,12.920953750610352,8.746774673461914,20.190834045410156,2.9464614391326904,-1.3329424858093262,1.3298646211624146,-2.521268367767334,1.0,0.15943938493728638,0.14803290367126465,0.646575927734375,1.1278965473175049,10.554868936538696
-5.409529685974121,-1.1269885301589966,-1.4826500415802002,22.5203857421875,28.753337860107422,19.157615661621094,29.57980728149414,-2.5127196311950684,1.30634343624115,-3.1758968830108643,1.0,0.14727115631103516,0.19271188974380493,0.38895416259765625,1.44722580909729,18.7123601436615
-5.350512504577637,-1.431023120880127,-0.814847469329834,20.89818572998047,11.01925277709961,31.95064926147461,8.009902954101562,-5.5612053871154785,1.4323596954345703,-3.2328081130981445,2.0,0.2633119821548462,0.1959107518196106,0.38268041610717773,0.6350510120391846,54.50617241859436
-4.323994159698486,-2.656635284423828,-1.494604468345642,16.71190643310547,22.898578643798828,9.47860336303711,19.59211540222168,-1.6744108200073242,2.654637336730957,-4.726791858673096,2.0,0.17810410261154175,0.1560569405555725,0.7202916145324707,1.5579142570495605,13.598583936691284
-4.41044807434082,-1.5479134321212769,-1.0902564525604248,24.655902862548828,21.159320831298828,7.077633857727051,25.5919246673584,-1.3013916015625,1.1728235483169556,-3.46379017829895,2.0,0.1750556230545044,0.15680289268493652,0.35352396965026855,0.9370744228363037,10.053025722503662
-3.244152784347534,-0.6553745269775391,-2.1623802185058594,14.394214630126953,7.727293491363525,7.851077079772949,3.8665246963500977,-5.384086608886719,3.3883070945739746,-3.136984348297119,1.0,0.18901276588439941,0.08995842933654785,0.40468263626098633,1.1079497337341309,148.58875060081482
-1.4726285934448242,-0.4467930793762207,-1.7883764505386353,7.131165981292725,25.85493278503418,20.128337860107422,19.76755714416504,-5.969734191894531,3.4907658100128174,-3.4990296363830566,2.0,0.27683883905410767,0.05766934156417847,0.4205806255340576,0.9577927589416504,81.46944403648376
-5.455521583557129,-1.2984778881072998,-0.1524062156677246,4.898781776428223,25.596485137939453,6.902292251586914,30.043001174926758,-3.717336654663086,3.507136583328247,-2.806131362915039,1.0,0.15174686908721924,0.2152954339981079,0.2676963806152344,0.6035451889038086,32.22984838485718
-3.0371196269989014,-2.4675111770629883,-2.3949575424194336,15.452372550964355,28.601030349731445,29.9507999420166,28.26104164123535,-3.9110217094421387,2.4022607803344727,-3.879517078399658,2.0,0.15098387002944946,0.18624907732009888,0.3225889205932617,0.7592437267303467,52.255096435546875
-1.25819730758667,-2.3871212005615234,-1.7999603748321533,3.1243700981140137,17.89999008178711,23.261442184448242,24.421186447143555,-4.057455539703369,1.9559552669525146,-4.611091613769531,2.0,0.1542336344718933,0.19568079710006714,0.24888253211975098,0.5218076705932617,54.74729561805725
-3.6752095222473145,-0.18666768074035645,-2.6326515674591064,26.91811752319336,21.831295013427734,19.088191986083984,24.730607986450195,-5.619563102722168,3.538756847381592,-2.845062255859375,1.0,0.1732974648475647,0.12715643644332886,0.269838809967041,0.5321459770202637,229.9664855003357
-1.4702939987182617,-2.6277358531951904,-0.8151397705078125,3.6223533153533936,24.45262908935547,9.94688892364502,6.351583480834961,-5.840570449829102,3.344834804534912,-2.3413352966308594,2.0,0.2755123972892761,0.03683346509933472,0.291919469833374,0.56797194480896,4.536653757095337
-5.364261627197266,-0.49934959411621094,-0.2772061824798584,5.548878192901611,15.415996551513672,26.400854110717773,25.8880615234375,-2.3885271549224854,3.1211252212524414,-2.1832118034362793,2.0,0.1499232053756714,0.1715274453163147,0.23649334907531738,0.544835090637207,6.154661178588867
-5.316479206085205,-1.0419853925704956,-1.7974687814712524,12.36198616027832,20.610965728759766,18.713207244873047,25.34835433959961,-3.3459105491638184,3.737460136413574,-2.571848154067993,1.0,0.15025454759597778,0.18971222639083862,0.25606608390808105,0.5282299518585205,18.953855276107788
-4.014225959777832,-0.5500802993774414,-2.1553454399108887,5.499070644378662,15.624686241149902,29.66014289855957,3.9532976150512695,-3.519613265991211,1.9903122186660767,-4.460888862609863,1.0,0.14836525917053223,0.19255441427230835,0.2643306255340576,0.5523974895477295,80.647047996521
-5.809837818145752,-2.8789401054382324,-0.02751946449279785,20.913772583007812,12.459236145019531,25.040756225585938,19.0886287689209,-5.995750427246094,1.8315761089324951,-4.2863688468933105,2.0,0.2560839056968689,0.08639085292816162,0.5345652103424072,0.6814224720001221,61.36532258987427
-2.547288417816162,-0.18057513236999512,-1.457659125328064,31.11578941345215,17.835800170898438,5.155574798583984,29.14636993408203,-5.081777572631836,2.7376747131347656,-4.3763861656188965,2.0,0.15516197681427002,0.2028188705444336,0.26949119567871094,0.43192291259765625,157.3094527721405
-2.870133638381958,-0.7290298938751221,-0.1367795467376709,11.589625358581543,19.402591705322266,22.513525009155273,19.270950317382812,-5.3866705894470215,1.6588785648345947,-2.9423129558563232,2.0,0.2463364601135254,0.06050676107406616,0.24077248573303223,0.46445441246032715,34.38993692398071
-5.899142742156982,-0.28577446937561035,-1.6564080715179443,30.420854568481445,23.810977935791016,10.772981643676758,5.059293746948242,-4.772124767303467,1.4617689847946167,-2.669647693634033,1.0,0.1582784652709961,0.16825544834136963,0.3022313117980957,0.400984525680542,49.853169202804565
-3.5894863605499268,-0.6836597919464111,-2.8379435539245605,26.89681053161621,28.827594757080078,22.060056686401367,25.48015022277832,-4.985606670379639,3.3507726192474365,-2.7132010459899902,1.0,0.16374897956848145,0.17823809385299683,0.24746060371398926,0.45549988746643066,132.18741297721863
-5.2306623458862305,-1.762639045715332,-0.20260190963745117,21.9014892578125,3.7250115871429443,11.878701210021973,17.979244232177734,-1.5538578033447266,3.0022616386413574,-2.6292202472686768,2.0,0.153039813041687,0.16721415519714355,1.3466708660125732,1.2375941276550293,10.79446029663086
-2.4519433975219727,-2.8259780406951904,-0.1315443515777588,17.422103881835938,6.326230049133301,30.72031021118164,18.624935150146484,-4.749589920043945,1.433680772781372,-3.7668251991271973,1.0,0.1546313762664795,0.19684892892837524,0.2487032413482666,0.5264017581939697,88.09062194824219
-4.379899978637695,-0.4297635555267334,-1.4692929983139038,12.219222068786621,21.006439208984375,21.01644515991211,26.986631393432617,-2.6762609481811523,3.676377058029175,-3.60231351852417,2.0,0.1503216028213501,0.20410001277923584,0.22879838943481445,0.3686966896057129,28.273438692092896
-3.442512273788452,-2.8298022747039795,-1.7904969453811646,24.365398406982422,19.283414840698242,6.136646270751953,29.433469772338867,-4.252177715301514,2.019167184829712,-3.521109104156494,1.0,0.1511169672012329,0.20071715116500854,0.22929072380065918,0.5665769577026367,50.99729323387146
-5.022760391235352,-0.17293977737426758,-2.758596897125244,26.167125701904297,30.833467483520508,18.41474151611328,29.21989631652832,-4.852111339569092,1.3097474575042725,-3.3510491847991943,1.0,0.15254288911819458,0.19160199165344238,0.2765347957611084,0.4176299571990967,50.79442071914673
-5.40810489654541,-2.3115007877349854,-2.586711883544922,26.730854034423828,6.828368663787842,28.272998809814453,13.077292442321777,-2.2413082122802734,1.4242775440216064,-4.958678722381592,2.0,0.1789674162864685,0.28952109813690186,0.2666280269622803,0.4694068431854248,16.549205541610718
-3.4785666465759277,-1.022986888885498,-2.1359972953796387,30.184621810913086,7.5259881019592285,4.320240020751953,8.103099822998047,-3.8888604640960693,1.771317958831787,-3.1700849533081055,2.0,0.15197908878326416,0.19832968711853027,0.24459099769592285,0.41260695457458496,28.10119104385376
-4.21516752243042,-1.8776617050170898,-0.3608229160308838,6.801694393157959,24.741939544677734,14.543038368225098,31.844430923461914,-4.0009765625,3.0585193634033203,-2.754493474960327,1.0,0.1540345549583435,0.20923709869384766,0.28202199935913086,0.4429962635040283,26.552608489990234
-3.037160634994507,-2.8635966777801514,-0.8965225219726562,2.827235460281372,31.862361907958984,21.009654998779297,8.55000114440918,-1.8825373649597168,3.823089122772217,-3.1864781379699707,1.0,0.15161442756652832,0.20493948459625244,0.2497873306274414,0.382671594619751,20.916210651397705
-5.509494781494141,-0.25291919708251953,-1.4234434366226196,21.468412399291992,31.281696319580078,21.676563262939453,7.656990051269531,-2.5100765228271484,3.401869773864746,-2.322499990463257,1.0,0.1488294005393982,0.18050479888916016,0.30576300621032715,0.4036128520965576,14.56009554862976
-1.848851203918457,-0.027081727981567383,-2.11181640625,26.609846115112305,29.993892669677734,25.97743797302246,4.273258686065674,-5.167267322540283,2.5026750564575195,-3.861264705657959,2.0,0.15250903367996216,0.19864553213119507,0.4312870502471924,0.4152672290802002,151.27660369873047
-1.9309825897216797,-0.49764537811279297,-1.8339225053787231,10.226363182067871,9.186483383178711,24.58844566345215,27.06299591064453,-2.816399574279785,2.6505508422851562,-3.9757120609283447,1.0,0.14773541688919067,0.18298429250717163,0.2948577404022217,0.4421226978302002,37.03722643852234
-5.870985984802246,-1.8759264945983887,-2.772390604019165,16.003000259399414,16.517658233642578,22.231706619262695,4.57978630065918,-4.8093976974487305,1.135511040687561,-4.711430072784424,2.0,0.15993613004684448,0.16539835929870605,0.22799992561340332,0.39853811264038086,39.57686805725098
-1.5259308815002441,-1.083791971206665,-1.8671811819076538,13.29184341430664,22.5217342376709,29.48220443725586,28.991586685180664,-5.355162620544434,2.363983154296875,-4.8004608154296875,2.0,0.23154997825622559,0.038047730922698975,0.36716222763061523,0.376936674118042,53.84002232551575
-3.80143666267395,-0.5963873863220215,-1.8390027284622192,29.979814529418945,8.095024108886719,16.53577423095703,19.581327438354492,-3.2834324836730957,3.145500659942627,-3.2504096031188965,2.0,0.1478678584098816,0.17499202489852905,0.3463575839996338,0.4368875026702881,45.90562319755554
-5.677133560180664,-1.2390116453170776,-0.9085183143615723,20.92755126953125,19.319894790649414,3.5928597450256348,14.586129188537598,-2.936392307281494,3.791429281234741,-3.3672690391540527,1.0,0.1471385955810547,0.1849116086959839,0.2848184108734131,0.40634989738464355,38.2669951915741
-1.8510146141052246,-0.28116416931152344,-2.173987865447998,11.685179710388184,13.897637367248535,11.95511531829834,28.01520538330078,-3.6925554275512695,2.9646167755126953,-2.988750457763672,2.0,0.1509842872619629,0.16348880529403687,0.28048157691955566,0.3620166778564453,13.680612087249756
-4.99180269241333,-1.551129937171936,-2.4794580936431885,9.361162185668945,29.33320426940918,31.334590911865234,3.563112735748291,-4.418973922729492,3.165079355239868,-4.959665775299072,2.0,0.15171343088150024,0.19079524278640747,0.23659753799438477,0.3718748092651367,72.65882110595703
-3.043757677078247,-1.137808084487915,-1.4213911294937134,14.500064849853516,9.332600593566895,15.342248916625977,29.939733505249023,-3.2481322288513184,1.9654796123504639,-3.6895413398742676,1.0,0.14700591564178467,0.18705624341964722,0.24101924896240234,0.35359644889831543,17.130314111709595
-1.4514474868774414,-1.4092730283737183,-2.0764381885528564,5.6689453125,3.709054470062256,22.49708366394043,3.0313968658447266,-4.752830982208252,3.8944151401519775,-2.9572436809539795,2.0,0.2489224672317505,0.0,0.2716090679168701,0.35785508155822754,9.468555450439453
-1.3497200012207031,-0.6980743408203125,-1.9695075750350952,25.04261589050293,31.19784164428711,11.619867324829102,2.908935785293579,-1.4372100830078125,3.4019100666046143,-2.1108598709106445,2.0,0.20336776971817017,0.1409427523612976,0.2809739112854004,0.37102270126342773,7.180192232131958
-1.9693760871887207,-1.9655606746673584,-2.2059402465820312,6.563894748687744,22.606639862060547,5.9721808433532715,10.405213356018066,-2.6475634574890137,3.3357958793640137,-4.748342990875244,2.0,0.15330463647842407,0.17748194932937622,0.34360265731811523,0.37021708488464355,18.770514726638794
-1.6384363174438477,-0.12615036964416504,-2.852217674255371,21.2082462310791,21.90981101989746,27.86223602294922,5.1773681640625,-4.9244160652160645,3.7734060287475586,-2.8899364471435547,2.0,0.15794706344604492,0.18262970447540283,0.2762477397918701,0.3778820037841797,45.7148814201355
-3.461015224456787,-0.38151049613952637,-0.013762712478637695,30.144775390625,15.113675117492676,4.040197372436523,24.403621673583984,-3.6725378036499023,3.941563129425049,-4.971584320068359,1.0,0.1438230276107788,0.19118762016296387,0.3112518787384033,0.3612174987792969,211.78888082504272
-3.7926201820373535,-0.08119058609008789,-1.424782633781433,12.636697769165039,21.716670989990234,23.175046920776367,30.160844802856445,-4.107669353485107,1.5365502834320068,-2.3322949409484863,2.0,0.1564883589744568,0.18256372213363647,0.30412912368774414,0.4275510311126709,10.785270690917969
-1.2558903694152832,-2.110661506652832,-0.3308725357055664,5.240568161010742,23.249834060668945,5.57260799407959,28.884984970092773,-5.686861991882324,1.3949966430664062,-2.5828099250793457,2.0,0.2489224672317505,0.0,0.26041698455810547,0.3982868194580078,35.37267518043518
-3.534914255142212,-2.1581108570098877,-1.9744056463241577,25.289697647094727,3.457996368408203,24.134889602661133,20.52509307861328,-4.807657718658447,2.7463080883026123,-4.571530342102051,2.0,0.19156169891357422,0.15182608366012573,0.27881526947021484,0.40793466567993164,66.54689311981201
-1.2365550994873047,-2.616316795349121,-0.224442720413208,18.467214584350586,6.74905252456665,31.45818328857422,10.329431533813477,-5.389575481414795,3.5666513442993164,-2.336165428161621,1.0,0.22946101427078247,0.028261661529541016,0.3056657314300537,0.4649629592895508,21.65706491470337
-4.538130283355713,-0.22902464866638184,-2.922839641571045,15.422967910766602,3.824352979660034,2.130457878112793,6.9540910720825195,-2.703747510910034,3.3270678520202637,-2.6515703201293945,1.0,0.16195887327194214,0.1881350874900818,0.4035959243774414,0.5233824253082275,19.090269565582275
-3.656503915786743,-2.194812536239624,-1.4882254600524902,26.060367584228516,11.25946044921875,25.53178596496582,7.507577896118164,-2.443077325820923,3.420665740966797,-4.173508644104004,2.0,0.15390193462371826,0.1833779215812683,0.37960052490234375,0.5130410194396973,55.03643608093262
-5.877932548522949,-2.5698354244232178,-2.6884264945983887,18.397607803344727,26.276153564453125,12.791522026062012,17.97161865234375,-1.2578954696655273,3.273189067840576,-3.0397770404815674,2.0,0.20847642421722412,0.06858396530151367,3.6541357040405273,6.0898542404174805,11.70069670677185
-2.10831880569458,-1.8134946823120117,-0.26085352897644043,30.814620971679688,11.47481632232666,24.037353515625,7.379757404327393,-1.736297607421875,3.2336113452911377,-3.4951393604278564,1.0,0.15516191720962524,0.174635648727417,8.057488203048706,11.722073316574097,116.67094492912292
-3.4636378288269043,-1.2293777465820312,-2.883521556854248,30.14556121826172,31.26978874206543,21.97136116027832,28.88360595703125,-3.1152234077453613,3.763873338699341,-2.254746913909912,2.0,0.15317267179489136,0.19647127389907837,3.6254191398620605,5.595007419586182,40.41270923614502
-5.2880635261535645,-1.890375018119812,-1.1475316286087036,26.463232040405273,19.0465087890625,6.120058059692383,30.782493591308594,-2.25982666015625,3.336390733718872,-3.82476806640625,1.0,0.15449845790863037,0.2060520052909851,4.621394157409668,4.221425294876099,80.76142001152039
-5.597736835479736,-2.7964401245117188,-0.8928461074829102,29.264583587646484,7.178906440734863,7.672410488128662,10.527284622192383,-1.105863094329834,2.564678907394409,-4.0510149002075195,1.0,0.18384140729904175,0.11318939924240112,1.5351121425628662,4.833102703094482,40.90146040916443
-3.995149850845337,-2.144019603729248,-0.6073892116546631,7.219770431518555,24.954883575439453,6.998181343078613,29.901302337646484,-1.9410338401794434,1.3676809072494507,-4.582275390625,1.0,0.14892864227294922,0.1881619691848755,3.135629415512085,3.355797290802002,24.432891845703125
-5.146636009216309,-0.8013157844543457,-2.119610071182251,16.23416519165039,7.881226539611816,11.820796966552734,29.724609375,-4.178377628326416,1.9136583805084229,-2.810016632080078,1.0,0.15240991115570068,0.20023584365844727,3.9101974964141846,3.646239995956421,22.132928133010864
-1.3058176040649414,-2.1174557209014893,-0.24611711502075195,3.0733883380889893,10.238651275634766,12.838020324707031,24.312103271484375,-1.9050374031066895,2.394420623779297,-3.519817352294922,1.0,0.15662109851837158,0.18155020475387573,1.9589252471923828,5.217894554138184,22.160002946853638
-4.10727071762085,-2.158334732055664,-1.661474347114563,30.1110897064209,30.974590301513672,2.3198814392089844,4.180588722229004,-3.192004919052124,3.876354217529297,-3.8110218048095703,2.0,0.14687323570251465,0.1823892593383789,0.34549927711486816,0.4819655418395996,94.31798315048218
-3.235515594482422,-0.03953051567077637,-1.795663833618164,9.414831161499023,23.201030731201172,16.66897964477539,7.589620113372803,-2.8774490356445312,2.4707460403442383,-4.656038761138916,2.0,0.1718069314956665,0.14355599880218506,0.3144984245300293,0.4219787120819092,26.01125192642212
-2.964644432067871,-2.1063361167907715,-1.665881872177124,13.90597915649414,27.984050750732422,13.34341049194336,2.6685903072357178,-4.90152645111084,2.1408677101135254,-4.318909645080566,1.0,0.15605700016021729,0.20943355560302734,0.32359838485717773,0.38883280754089355,115.65153288841248
-4.672218322753906,-1.5415898561477661,-1.7094314098358154,29.64147186279297,23.974210739135742,15.407783508300781,22.807334899902344,-2.287260055541992,3.216238498687744,-3.751042366027832,2.0,0.16000252962112427,0.17180228233337402,0.2976217269897461,0.3996007442474365,21.873347520828247
-4.085141181945801,-0.0025315284729003906,-2.010031223297119,22.735902786254883,11.703246116638184,21.84149742126465,17.03143310546875,-4.985967636108398,1.7601416110992432,-3.0732533931732178,2.0,0.16278713941574097,0.19199448823928833,0.34285712242126465,0.4334292411804199,21.46541714668274
-5.755701541900635,-0.1522071361541748,-2.0888123512268066,21.27661895751953,10.625160217285156,3.490812301635742,5.0795674324035645,-5.527667045593262,2.0376076698303223,-3.695847272872925,2.0,0.1949472427368164,0.06522387266159058,0.6256725788116455,0.7633600234985352,55.93145132064819
-1.3742055892944336,-0.2716677188873291,-0.5189378261566162,9.182607650756836,15.35627555847168,13.81982135772705,26.315017700195312,-4.348668098449707,2.7993600368499756,-3.525688886642456,1.0,0.15088492631912231,0.19528734683990479,0.3142716884613037,2.160250186920166,57.778197288513184
-4.1797194480896,-1.77210533618927,-2.6899445056915283,29.1701602935791,8.144062042236328,28.08363914489746,12.240818977355957,-4.045810699462891,1.713944911956787,-3.9776997566223145,2.0,0.1504536271095276,0.18735772371292114,0.2634012699127197,0.4157555103302002,76.53791236877441
-1.8162031173706055,-2.5221986770629883,-2.85081148147583,12.459268569946289,19.16598129272461,17.87267303466797,9.626911163330078,-3.5651140213012695,2.3590097427368164,-4.974682807922363,2.0,0.1501225233078003,0.19309735298156738,0.2820298671722412,0.4665522575378418,39.45560836791992
-4.2849249839782715,-1.2478854656219482,-2.042759418487549,31.82669448852539,6.726302623748779,9.848028182983398,21.026615142822266,-4.006891250610352,3.349494695663452,-3.1694438457489014,2.0,0.15178018808364868,0.18051713705062866,0.3452117443084717,0.464000940322876,43.661051988601685
-5.981382846832275,-0.4099924564361572,-2.5116682052612305,29.031620025634766,28.86028289794922,14.805862426757812,14.083778381347656,-3.3468682765960693,1.1933059692382812,-3.8852972984313965,1.0,0.15061956644058228,0.1809384822845459,0.29875993728637695,0.4495120048522949,43.06708097457886
-5.3110551834106445,-0.6632821559906006,-2.8467202186584473,21.381900787353516,15.41415786743164,2.789745807647705,24.266504287719727,-2.785428762435913,1.1363255977630615,-2.962836742401123,1.0,0.1604672074317932,0.19163131713867188,0.37270498275756836,0.4542570114135742,21.54038953781128
-5.597124099731445,-0.6783578395843506,-2.196087598800659,16.78789520263672,4.909688472747803,4.237299919128418,5.988281726837158,-4.5608978271484375,2.4547009468078613,-3.057490110397339,2.0,0.19905924797058105,0.08593225479125977,0.2945523262023926,0.41214537620544434,22.95290780067444
-1.6443333625793457,-2.7698705196380615,-1.3104112148284912,19.857967376708984,14.318514823913574,7.548723220825195,2.4204628467559814,-5.932589530944824,2.8576619625091553,-4.8157639503479,2.0,0.25780797004699707,0.04683184623718262,0.27328920364379883,0.4197385311126709,62.28050971031189
-4.430544376373291,-2.009037494659424,-1.190341830253601,31.687170028686523,27.18989372253418,3.2753806114196777,4.771792888641357,-1.7709875106811523,2.140476942062378,-4.766340255737305,2.0,0.16112971305847168,0.15845680236816406,0.2614591121673584,0.4058527946472168,18.809325218200684
-5.319931983947754,-2.0108110904693604,-1.5727640390396118,21.670026779174805,29.171463012695312,22.19234848022461,29.55428123474121,-1.4811697006225586,1.0380244255065918,-2.15307354927063,2.0,0.15880823135375977,0.1645277738571167,0.2693936824798584,0.4223453998565674,5.3578081130981445
-4.22520637512207,-2.1856813430786133,-1.7791863679885864,26.33910369873047,11.457473754882812,25.044580459594727,9.580703735351562,-5.351438522338867,1.780318021774292,-3.228987455368042,2.0,0.2239241600036621,0.04340839385986328,0.30178284645080566,0.421048641204834,86.05860018730164
-3.6798744201660156,-0.5638036727905273,-1.6027987003326416,26.86817741394043,31.84288787841797,24.4799861907959,29.469982147216797,-5.693318843841553,2.411147117614746,-3.415844678878784,2.0,0.24600505828857422,0.02211594581604004,0.28180480003356934,0.4451570510864258,96.56814479827881
-3.5857326984405518,-1.4425222873687744,-2.4162724018096924,12.046608924865723,24.94274139404297,17.562870025634766,11.290005683898926,-2.1337709426879883,1.9870394468307495,-3.7530736923217773,2.0,0.1522442102432251,0.19200915098190308,0.29822349548339844,0.43386387825012207,10.311616897583008
-4.50697135925293,-0.8431522846221924,-1.8111727237701416,20.61481285095215,26.161479949951172,8.694267272949219,9.939242362976074,-5.472629547119141,3.14670991897583,-4.4088358879089355,2.0,0.21377915143966675,0.04534173011779785,0.26154160499572754,0.4090428352355957,69.76272249221802
-3.8113439083099365,-0.9865255355834961,-1.0032765865325928,31.93276596069336,28.640872955322266,21.924957275390625,2.7922544479370117,-1.9442081451416016,1.9783580303192139,-2.8720436096191406,2.0,0.1525091528892517,0.1749356985092163,0.31835508346557617,0.3834850788116455,16.755316257476807
-3.7036027908325195,-2.6816534996032715,-1.8951600790023804,3.542802095413208,28.45957374572754,13.0856351852417,4.168658256530762,-3.570859670639038,3.5006513595581055,-3.3758203983306885,2.0,0.15330517292022705,0.18669074773788452,0.3258321285247803,0.4521663188934326,24.977229833602905
-1.410454273223877,-1.1119627952575684,-0.7510647773742676,7.220426082611084,22.979333877563477,14.262588500976562,9.836507797241211,-5.320982933044434,2.5566303730010986,-2.388674736022949,1.0,0.2489224672317505,0.0,0.35450220108032227,0.406292200088501,8.613316535949707
-3.6993632316589355,-0.697486162185669,-0.8219258785247803,17.918310165405273,18.23151397705078,20.2828311920166,31.187599182128906,-4.889960289001465,2.228261947631836,-3.6521410942077637,2.0,0.16577142477035522,0.18853825330734253,0.279923677444458,0.41297435760498047,53.25055551528931
-3.0014760494232178,-0.37672948837280273,-1.8170255422592163,5.144326210021973,31.922536849975586,2.1311757564544678,6.203956604003906,-5.571521282196045,2.145244598388672,-4.558961868286133,2.0,0.24912136793136597,0.002263784408569336,0.2776784896850586,0.41028404235839844,50.19675946235657
-3.32922101020813,-2.9480342864990234,-2.2633841037750244,21.072364807128906,28.226360321044922,10.528108596801758,16.96039581298828,-1.4592208862304688,2.1826186180114746,-4.569295883178711,2.0,0.17644667625427246,0.1760852336883545,0.3476378917694092,0.3840484619140625,7.976332664489746
-4.57586145401001,-2.014169454574585,-1.0265775918960571,10.362990379333496,21.714946746826172,13.069318771362305,22.110389709472656,-3.4612011909484863,3.666865110397339,-3.26505446434021,2.0,0.15018880367279053,0.18994587659835815,0.3411741256713867,0.39259886741638184,18.874430418014526
-2.49540376663208,-0.33469367027282715,-0.44177961349487305,13.979029655456543,5.480375289916992,4.185972690582275,8.666603088378906,-2.8953027725219727,3.7047336101531982,-4.504499435424805,1.0,0.1477353572845459,0.16693264245986938,0.30439066886901855,0.3940443992614746,50.4258668422699
-1.8814048767089844,-2.342353105545044,-0.3709523677825928,4.9824018478393555,29.648475646972656,22.95119857788086,4.752349853515625,-4.317434310913086,3.083904981613159,-3.6186654567718506,2.0,0.15118300914764404,0.18381661176681519,0.3179967403411865,0.39435911178588867,55.78546738624573
-4.2493743896484375,-0.8823580741882324,-1.5226571559906006,13.216898918151855,25.7408447265625,26.090404510498047,10.783845901489258,-1.4955964088439941,1.9646111726760864,-3.8776021003723145,2.0,0.15867549180984497,0.145707368850708,0.3594934940338135,0.40572357177734375,8.179402112960815
-1.3221197128295898,-1.761989712715149,-0.08789443969726562,27.387392044067383,6.7677998542785645,27.87533950805664,8.72054672241211,-3.5990753173828125,3.8735954761505127,-3.2439351081848145,2.0,0.1487298607826233,0.1847316026687622,0.32389116287231445,0.39299678802490234,55.37873387336731
-1.1713790893554688,-2.7525808811187744,-0.19739365577697754,11.920134544372559,21.695804595947266,15.00627326965332,6.1262664794921875,-2.8538708686828613,1.9615530967712402,-3.315113067626953,1.0,0.14965826272964478,0.18761283159255981,0.3290901184082031,0.5532817840576172,24.370561838150024
-1.5149602890014648,-2.814727544784546,-1.0295815467834473,17.771549224853516,25.889890670776367,21.623117446899414,23.302310943603516,-1.3807792663574219,1.6856780052185059,-4.460452079772949,1.0,0.18735218048095703,0.19169610738754272,0.3336296081542969,0.4508779048919678,16.410203218460083
-3.8279826641082764,-0.10113668441772461,-0.4140138626098633,30.900617599487305,10.496000289916992,26.221309661865234,16.228397369384766,-1.8341169357299805,3.033099412918091,-4.208601951599121,1.0,0.14929360151290894,0.19513201713562012,0.3140883445739746,0.4291954040527344,53.54393482208252
-1.464681625366211,-0.23901700973510742,-2.51743221282959,28.50189208984375,30.31114959716797,12.76708984375,2.2720587253570557,-5.852905750274658,1.4181591272354126,-3.75565242767334,2.0,0.32371848821640015,0.11597579717636108,0.37679314613342285,0.5287885665893555,70.3799319267273
-3.6838929653167725,-0.15313386917114258,-1.0123943090438843,28.857831954956055,8.94243049621582,15.021209716796875,22.19845199584961,-3.061051845550537,2.6209301948547363,-2.8279943466186523,2.0,0.14846426248550415,0.1889476776123047,0.31891536712646484,0.42865729331970215,23.054279565811157
-5.344116687774658,-1.3113614320755005,-0.43714380264282227,16.623355865478516,6.947894096374512,11.225297927856445,31.58097267150879,-5.355780124664307,3.4726712703704834,-3.668700695037842,2.0,0.24653548002243042,0.0030039548873901367,0.48688173294067383,0.4258856773376465,62.64805006980896
-5.337162494659424,-2.6843652725219727,-2.2465784549713135,6.419583320617676,11.304694175720215,28.387449264526367,9.017566680908203,-3.121771812438965,3.6144959926605225,-3.301515579223633,2.0,0.15224426984786987,0.18669945001602173,0.34894752502441406,0.4049642086029053,14.082730531692505
-2.1796298027038574,-2.5840697288513184,-1.0628623962402344,29.210710525512695,29.71227264404297,25.79704475402832,4.653179168701172,-5.6324687004089355,3.1676559448242188,-4.612166881561279,2.0,0.22027695178985596,0.044206082820892334,0.45981717109680176,0.47454214096069336,151.12224626541138
-5.850646495819092,-1.2348483800888062,-1.2557324171066284,15.418119430541992,5.5016679763793945,15.13564395904541,9.961790084838867,-3.322584390640259,2.012862205505371,-2.403718948364258,2.0,0.149591863155365,0.19174718856811523,0.46239471435546875,0.5383546352386475,6.895634889602661
-5.907169818878174,-2.8176164627075195,-0.5685925483703613,30.235214233398438,21.184528350830078,12.70396614074707,18.77415657043457,-1.8520689010620117,3.624340534210205,-4.852748394012451,2.0,0.15356993675231934,0.16489309072494507,0.6780047416687012,0.5076355934143066,20.966906309127808
-3.8705244064331055,-1.1171289682388306,-0.2584660053253174,8.80794906616211,24.954679489135742,19.90205955505371,22.116107940673828,-2.484403371810913,2.3846535682678223,-4.65179443359375,2.0,0.14680635929107666,0.19182008504867554,0.41317081451416016,0.46338915824890137,29.68699073791504
-3.1487998962402344,-2.348529577255249,-1.1415237188339233,21.774492263793945,21.598705291748047,31.699180603027344,5.157380104064941,-2.6167619228363037,3.1941452026367188,-2.172677993774414,2.0,0.1537691354751587,0.14616459608078003,0.40511465072631836,0.48192834854125977,8.493662118911743
-1.7327556610107422,-2.71858811378479,-1.4016525745391846,12.282666206359863,14.420646667480469,13.97671890258789,25.830997467041016,-2.442161798477173,1.0887691974639893,-3.340292453765869,1.0,0.15419989824295044,0.19714492559432983,0.40140461921691895,0.453967809677124,17.561482667922974
-4.837839126586914,-1.5551217794418335,-0.14455080032348633,16.18292999267578,28.812410354614258,5.726296424865723,12.620648384094238,-1.8672685623168945,1.0542179346084595,-3.732987403869629,1.0,0.14989042282104492,0.20229822397232056,0.5465357303619385,0.42807984352111816,23.44320297241211
-3.978024959564209,-0.21448493003845215,-0.33887505531311035,31.958702087402344,10.502117156982422,6.929926872253418,7.300042629241943,-1.9537386894226074,2.856633186340332,-2.0211167335510254,2.0,0.15244275331497192,0.19512063264846802,0.3834116458892822,0.41259264945983887,7.074164390563965
-1.5852699279785156,-1.3386831283569336,-1.955249547958374,31.329299926757812,13.553641319274902,30.713481903076172,19.419761657714844,-5.082106113433838,2.8861427307128906,-4.397581100463867,1.0,0.15463131666183472,0.2053336501121521,0.3930938243865967,0.43309903144836426,249.03009819984436
-4.605002403259277,-0.29877519607543945,-1.890451192855835,15.96624755859375,27.657495498657227,31.60999870300293,24.23943519592285,-2.8520359992980957,1.201108455657959,-3.324634552001953,2.0,0.1540347933769226,0.20457661151885986,0.5626773834228516,0.470550537109375,10.53655457496643
-3.5790348052978516,-1.9193267822265625,-0.52248215675354,5.013307571411133,19.99679183959961,14.99945068359375,11.625005722045898,-1.573194980621338,3.1122889518737793,-4.107732772827148,2.0,0.16510844230651855,0.1678677201271057,1.248612642288208,0.6680619716644287,10.907492399215698
-5.102500915527344,-2.1914262771606445,-2.0143420696258545,21.679582595825195,20.41179656982422,31.498001098632812,5.6666436195373535,-5.587438106536865,3.409350633621216,-2.0382511615753174,1.0,0.22959357500076294,0.02419358491897583,0.564882755279541,0.46149206161499023,44.50656795501709
-3.038332462310791,-0.44292497634887695,-0.5441765785217285,13.911964416503906,23.669097900390625,16.30119514465332,25.935630798339844,-2.8586678504943848,1.7031028270721436,-4.801912784576416,2.0,0.15032124519348145,0.17511165142059326,0.822404146194458,0.579082727432251,21.940678119659424
-5.148148536682129,-1.4538323879241943,-0.23922419548034668,18.613018035888672,28.587995529174805,21.011659622192383,7.9775238037109375,-5.500309944152832,3.060138702392578,-4.1346540451049805,1.0,0.20078235864639282,0.06493788957595825,0.49576783180236816,0.47994017601013184,174.58659505844116
-3.293553590774536,-0.8010194301605225,-2.491410255432129,10.597753524780273,28.691133499145508,28.867565155029297,10.9717435836792,-2.7560336589813232,2.102626085281372,-2.6903412342071533,2.0,0.14952564239501953,0.17415839433670044,0.3301682472229004,0.8369860649108887,12.699309825897217
-1.948312759399414,-2.0707480907440186,-1.2632569074630737,17.482595443725586,11.121687889099121,22.836380004882812,28.087135314941406,-5.706818580627441,1.3317052125930786,-2.1258912086486816,2.0,0.2771039605140686,0.035309672355651855,0.3590703010559082,0.4725944995880127,2.9301517009735107
-1.239208698272705,-1.2101095914840698,-2.360060214996338,13.058921813964844,19.59929847717285,21.941967010498047,10.638570785522461,-2.058967113494873,2.1963798999786377,-3.670508623123169,1.0,0.16142868995666504,0.2252664566040039,0.39159250259399414,0.5280919075012207,13.463182210922241
-1.5061063766479492,-1.859546422958374,-1.4562983512878418,17.37425994873047,30.82628059387207,10.632367134094238,3.617877960205078,-4.533317565917969,1.5948905944824219,-4.221065521240234,2.0,0.15403443574905396,0.19337117671966553,0.3432800769805908,0.5075850486755371,65.5456874370575
-2.179082155227661,-2.564087152481079,-0.9480862617492676,15.07888126373291,3.9635024070739746,13.819132804870605,7.4774627685546875,-2.6665337085723877,1.6656506061553955,-2.4271955490112305,2.0,0.15555977821350098,0.20673418045043945,0.3935275077819824,0.852092981338501,5.4740142822265625
-2.2124176025390625,-2.8113677501678467,-0.2504847049713135,8.866113662719727,20.916000366210938,18.10912322998047,21.661218643188477,-1.705500602722168,2.786031723022461,-3.665886640548706,1.0,0.15410101413726807,0.1870335340499878,0.5634214878082275,0.6378304958343506,19.412617921829224
-2.7125284671783447,-0.00401616096496582,-2.359367609024048,5.467240333557129,3.1346137523651123,4.53242826461792,27.839942932128906,-2.996656894683838,1.4407801628112793,-2.868075132369995,2.0,0.2489224672317505,0.0,0.4020051956176758,0.45960164070129395,2.71008563041687
-4.394052982330322,-1.6539467573165894,-1.1175172328948975,26.38724136352539,25.20966339111328,15.426982879638672,26.834739685058594,-1.195207118988037,3.3258817195892334,-3.373995780944824,2.0,0.1823488473892212,0.19849950075149536,0.3515055179595947,0.46268677711486816,17.766212701797485
-1.9522061347961426,-0.9290168285369873,-2.5984747409820557,28.070066452026367,6.43303108215332,27.296483993530273,9.80429458618164,-3.3253283500671387,2.953700304031372,-3.3648643493652344,1.0,0.1465749740600586,0.19477039575576782,0.5949211120605469,0.4646720886230469,50.6053249835968
-4.194085597991943,-2.533220052719116,-1.3274962902069092,9.988073348999023,7.280398368835449,26.192628860473633,4.016892433166504,-4.983438968658447,2.9825775623321533,-4.087353706359863,2.0,0.2257148027420044,0.02949005365371704,0.47578001022338867,0.4747934341430664,62.43894052505493
-5.896481990814209,-2.0492100715637207,-1.9598290920257568,6.675939083099365,31.319381713867188,24.95537567138672,19.334224700927734,-1.4805569648742676,1.1650086641311646,-3.3401622772216797,1.0,0.16301977634429932,0.17964643239974976,0.3972513675689697,0.4251117706298828,14.500662326812744
-3.6653685569763184,-1.5512008666992188,-0.7255027294158936,9.856332778930664,29.125019073486328,27.629657745361328,11.396890640258789,-2.504621982574463,1.7818909883499146,-3.336087465286255,1.0,0.1512165665626526,0.17942053079605103,0.3319883346557617,0.4245128631591797,18.81241750717163
-3.4847288131713867,-0.5299816131591797,-1.46356999874115,3.064035415649414,13.382123947143555,22.467620849609375,17.611469268798828,-1.065291404724121,1.4084153175354004,-2.5982072353363037,1.0,0.24056702852249146,0.0358196496963501,0.47214722633361816,0.42336320877075195,5.187023878097534
-4.278843879699707,-1.4633270502090454,-1.286312222480774,5.703973293304443,25.43278694152832,26.251449584960938,14.515766143798828,-4.036078929901123,3.599158763885498,-2.006226062774658,2.0,0.1995895504951477,0.06489115953445435,0.41210293769836426,0.4421548843383789,8.348129272460938
-2.793933868408203,-1.0713038444519043,-1.4136532545089722,15.305548667907715,9.760547637939453,19.055686950683594,3.4353981018066406,-4.17050838470459,1.353245735168457,-2.1548242568969727,1.0,0.1591070294380188,0.20926880836486816,0.4066038131713867,0.4218604564666748,10.02639889717102
-1.1156697273254395,-0.4967470169067383,-2.7496814727783203,13.361589431762695,28.68282127380371,27.08795928955078,7.960776329040527,-2.9917569160461426,3.1197898387908936,-4.763904094696045,2.0,0.15396785736083984,0.18952959775924683,0.5919525623321533,0.4300844669342041,18.194963693618774
-1.3358635902404785,-0.34290647506713867,-2.164645195007324,17.97107696533203,4.105367660522461,13.827251434326172,26.923551559448242,-5.640751838684082,3.849168300628662,-4.691003322601318,1.0,0.1815861463546753,0.10505765676498413,0.49227356910705566,0.4275698661804199,151.19903421401978
-4.042480945587158,-1.2495254278182983,-1.458336591720581,17.420757293701172,9.4707612991333,29.968076705932617,18.836198806762695,-4.266692161560059,3.4650464057922363,-4.58620548248291,2.0,0.1493266224861145,0.18983817100524902,0.5651335716247559,0.4182720184326172,66.79308676719666
-1.114501953125,-2.0499088764190674,-1.3528342247009277,3.2153525352478027,11.797981262207031,15.071695327758789,25.293203353881836,-3.7910661697387695,2.836583375930786,-4.532679557800293,2.0,0.15317296981811523,0.18764907121658325,0.4982287883758545,0.4107363224029541,55.52803826332092
-3.864166736602783,-2.4878487586975098,-2.1972217559814453,19.392414093017578,10.962801933288574,26.406686782836914,18.820173263549805,-3.684048652648926,1.7115955352783203,-2.0498251914978027,1.0,0.15191274881362915,0.19761884212493896,0.4027838706970215,0.41283416748046875,10.760862112045288
-4.741619110107422,-1.7143299579620361,-1.1690704822540283,31.15406036376953,8.01414680480957,19.436920166015625,9.846277236938477,-4.041135787963867,2.0871315002441406,-2.591920852661133,2.0,0.15854394435882568,0.196641206741333,0.4016695022583008,0.4373595714569092,16.996742486953735
-3.608792543411255,-0.6594576835632324,-2.730293035507202,5.041679859161377,19.951034545898438,14.25908088684082,25.810895919799805,-2.077559232711792,1.71708083152771,-4.632574558258057,2.0,0.15164709091186523,0.17286455631256104,0.3749887943267822,0.46827077865600586,14.324218273162842
-3.1876821517944336,-1.2554848194122314,-2.1739590167999268,10.482636451721191,21.91334342956543,15.936233520507812,27.811317443847656,-2.6891443729400635,1.4349056482315063,-4.133689880371094,2.0,0.14886260032653809,0.17113041877746582,0.4649386405944824,0.4312171936035156,5.73269510269165
-1.6306796073913574,-0.5088639259338379,-2.0496790409088135,17.074501037597656,22.503681182861328,28.963560104370117,11.156704902648926,-3.4885332584381104,1.264507532119751,-2.9028048515319824,2.0,0.1506524682044983,0.1761608123779297,0.46856141090393066,0.4418606758117676,7.612102270126343
-3.113558769226074,-2.0590317249298096,-2.0193188190460205,15.04803466796875,6.708066940307617,2.6913352012634277,9.30228042602539,-3.3873541355133057,3.443032741546631,-2.1743392944335938,2.0,0.14932656288146973,0.1949232816696167,0.3907961845397949,0.4297497272491455,6.372220039367676
-2.7482569217681885,-0.6254761219024658,-1.4952579736709595,7.791275978088379,22.886266708374023,24.88713836669922,29.153207778930664,-4.605508327484131,2.25596022605896,-2.6507670879364014,1.0,0.16427922248840332,0.17770057916641235,0.35648608207702637,0.42577624320983887,34.03409957885742
-1.5235652923583984,-0.27510523796081543,-2.757894515991211,17.961902618408203,6.912899494171143,31.469398498535156,21.788074493408203,-3.405050277709961,1.874550700187683,-4.167729377746582,2.0,0.15522795915603638,0.19593536853790283,0.393573522567749,0.42397117614746094,12.211612939834595
-4.535059452056885,-0.800969123840332,-2.86007022857666,31.407960891723633,9.066554069519043,7.9959330558776855,8.009090423583984,-2.8458313941955566,3.7027928829193115,-3.206188678741455,1.0,0.14800041913986206,0.1969701647758484,0.4318094253540039,0.4212522506713867,54.86108088493347
-5.640999794006348,-0.047094106674194336,-1.3435089588165283,16.5673770904541,11.37996768951416,11.995010375976562,26.685203552246094,-4.173725605010986,3.661954879760742,-3.5415849685668945,1.0,0.1497575044631958,0.19100892543792725,0.43398451805114746,0.47142958641052246,84.94801998138428
-4.441603183746338,-0.5302784442901611,-1.1574691534042358,12.910078048706055,27.01030921936035,24.757814407348633,12.386948585510254,-1.0291390419006348,1.4099390506744385,-3.4588348865509033,2.0,0.17346400022506714,0.16823649406433105,0.4782538414001465,0.4330258369445801,5.8319032192230225
-1.1994528770446777,-1.7790342569351196,-1.3373353481292725,20.630558013916016,12.328872680664062,24.74700164794922,15.083206176757812,-3.9146361351013184,3.1036219596862793,-2.568181276321411,1.0,0.15211164951324463,0.19389992952346802,0.4466238021850586,0.41930556297302246,16.27209210395813
-4.508660793304443,-1.7136414051055908,-2.3586032390594482,27.7452449798584,12.769384384155273,17.508682250976562,21.270641326904297,-2.857135057449341,1.1919424533843994,-4.611209392547607,1.0,0.15310662984848022,0.21657997369766235,0.37821364402770996,0.42339539527893066,11.987181663513184
-4.425439834594727,-2.5833382606506348,-2.961710214614868,31.983060836791992,9.031013488769531,9.404029846191406,20.595962524414062,-2.557502269744873,1.4691407680511475,-3.158576011657715,2.0,0.1687544584274292,0.19512593746185303,0.4208064079284668,0.45224690437316895,5.490116357803345
-3.242114543914795,-2.816270589828491,-1.2217588424682617,25.45047378540039,31.673505783081055,26.460214614868164,4.753199577331543,-5.122803688049316,3.9521446228027344,-2.7866106033325195,2.0,0.20058393478393555,0.0552067756652832,0.4097878932952881,0.454437255859375,27.0260488986969
-1.0206012725830078,-2.335635185241699,-0.5301845073699951,26.497737884521484,31.679187774658203,10.23116683959961,4.458514213562012,-2.163867473602295,3.572416305541992,-3.8627071380615234,2.0,0.16411423683166504,0.16676950454711914,0.5077385902404785,0.4378061294555664,23.97180676460266
-3.160893440246582,-2.211833953857422,-1.5490317344665527,30.53261947631836,5.624885559082031,29.83125877380371,9.917710304260254,-3.272322177886963,1.8899036645889282,-3.8106038570404053,2.0,0.14912784099578857,0.18346869945526123,0.4324054718017578,0.4560399055480957,19.536680698394775
-3.3282458782196045,-0.8377609252929688,-1.997370719909668,24.132068634033203,7.998111724853516,21.27425765991211,18.059335708618164,-2.460292100906372,1.608242154121399,-2.680142879486084,2.0,0.15131598711013794,0.19845694303512573,0.48048973083496094,0.4720792770385742,9.265302419662476
-5.7997002601623535,-0.613717794418335,-2.7921953201293945,23.193824768066406,31.442806243896484,19.98703384399414,29.540191650390625,-1.5529518127441406,1.9344353675842285,-2.4767420291900635,1.0,0.2805567979812622,0.03520059585571289,0.44574642181396484,0.4580051898956299,13.996268272399902
